{
	"Facebook": {
		"tokenUrl": "https://graph.facebook.com/v2.8/oauth/access_token",
		"clientId": "457026371307512",
		"clientSecret": "72ad1a2280fafdec6c79c08df6986da6",
		"authorizationFormUrl": "https://www.facebook.com/v2.8/dialog/oauth",
		"scopes": [
			"user_posts",
			"publish_actions"
		]
	},
	"Spotify": {
		"tokenUrl": "https://accounts.spotify.com/api/token",
		"clientId": "45ad9b475b0a4cfd8b185753f4bb8a4f",
		"clientSecret": "2024247bc32d40d8893f9715f42e4c81",
		"authorizationFormUrl": "https://accounts.spotify.com/authorize",
		"scopes": ["user-library-modify"]
	}
}		